<?xml version="1.0" encoding="UTF-8"?><rss version="2.0"
	xmlns:content="http://purl.org/rss/1.0/modules/content/"
	xmlns:wfw="http://wellformedweb.org/CommentAPI/"
	xmlns:dc="http://purl.org/dc/elements/1.1/"
	xmlns:atom="http://www.w3.org/2005/Atom"
	xmlns:sy="http://purl.org/rss/1.0/modules/syndication/"
	xmlns:slash="http://purl.org/rss/1.0/modules/slash/"
	>

<channel>
	<title>Force &#8211; test1.beachdrop.com</title>
	<atom:link href="/tag/force/feed/" rel="self" type="application/rss+xml" />
	<link>/</link>
	<description>Just another WordPress site</description>
	<lastBuildDate>Fri, 24 Dec 2021 19:28:30 +0000</lastBuildDate>
	<language>en-US</language>
	<sy:updatePeriod>
	hourly	</sy:updatePeriod>
	<sy:updateFrequency>
	1	</sy:updateFrequency>
	<generator>https://wordpress.org/?v=6.0.1</generator>
	<item>
		<title>Cupiditate non provident, similique sunt in</title>
		<link>/cupiditate-non-provident-similique-sunt-in/</link>
					<comments>/cupiditate-non-provident-similique-sunt-in/#respond</comments>
		
		<dc:creator><![CDATA[admin]]></dc:creator>
		<pubDate>Fri, 24 Dec 2021 19:28:30 +0000</pubDate>
				<category><![CDATA[Uncategorized]]></category>
		<category><![CDATA[Alderaan]]></category>
		<category><![CDATA[Force]]></category>
		<category><![CDATA[Jedi]]></category>
		<category><![CDATA[Luke]]></category>
		<guid isPermaLink="false">/cupiditate-non-provident-similique-sunt-in/</guid>

					<description><![CDATA[Fugiat quo voluptas nulla pariatur? Nam libero tempore, cum soluta nobis est eligendi optio cumque nihil impedit quo minus id quod maxime placeat. Et harum quidem rerum facilis est et expedita distinctio. Don&#8217;t act so surprised, Your Highness. You weren&#8217;t on any mercy mission this time. Several transmissions were beamed to this ship by Rebel ... <a title="Cupiditate non provident, similique sunt in" class="read-more" href="/cupiditate-non-provident-similique-sunt-in/" aria-label="More on Cupiditate non provident, similique sunt in">Read more</a>]]></description>
										<content:encoded><![CDATA[<p>Fugiat quo voluptas nulla pariatur? Nam libero tempore, cum soluta nobis est eligendi optio cumque nihil impedit quo minus id quod maxime placeat. Et harum quidem rerum facilis est et expedita distinctio.</p>
<p>Don&#8217;t act so surprised, Your Highness. You weren&#8217;t on any mercy mission this time. Several transmissions were beamed to this ship by Rebel spies. I want to know what happened to the plans they sent you. All right. Well, take care of yourself, Han. I guess that&#8217;s what you&#8217;re best at, ain&#8217;t it? I don&#8217;t know what you&#8217;re talking about. I am a member of the Imperial Senate on a diplomatic mission to Alderaan</p>
<p>Still, she&#8217;s got a lot of spirit. I don&#8217;t know, what do you think? I want to come with you to Alderaan. There&#8217;s nothing for me here now. I want to learn the ways of the Force and be a Jedi, like my father before me. I need your help, Luke. She needs your help. I&#8217;m getting too old for this sort of thing. Alderaan? I&#8217;m not going to Alderaan. I&#8217;ve got to go home. It&#8217;s late, I&#8217;m in for it as it is. As you wish. Red Five standing by.</p>
<p>Architecto beatae vitae dicta sunt explicabo. Non numquam eius modi tempora incidunt ut labore et dolore magnam aliquam quaerat voluptatem. Neque porro quisquam est, qui dolorem ipsum quia dolor sit amet, consectetur, adipisci velit. Nemo enim ipsam voluptatem quia voluptas sit aspernatur aut odit aut fugit. Sed ut perspiciatis unde omnis iste natus error sit voluptatem. Temporibus autem quibusdam et aut officiis debitis aut rerum necessitatibus saepe eveniet ut et voluptates repudiandae sint et molestiae non recusandae.</p>
<p>Itaque earum rerum hic tenetur a sapiente delectus. Itaque earum rerum hic tenetur a sapiente delectus. Animi, id est laborum et dolorum fuga. Excepteur sint occaecat cupidatat non proident, sunt in culpa. Fugiat quo voluptas nulla pariatur? Architecto beatae vitae dicta sunt explicabo.</p>
<p>I call it luck. As you wish. Ye-ha! I can&#8217;t get involved! I&#8217;ve got work to do! It&#8217;s not that I like the Empire, I hate it, but there&#8217;s nothing I can do about it right now. It&#8217;s such a long way from here. I don&#8217;t know what you&#8217;re talking about. I am a member of the Imperial Senate on a diplomatic mission to Alderaan</p>
]]></content:encoded>
					
					<wfw:commentRss>/cupiditate-non-provident-similique-sunt-in/feed/</wfw:commentRss>
			<slash:comments>0</slash:comments>
		
		
			</item>
		<item>
		<title>I&#8217;m trying not</title>
		<link>/im-trying-not/</link>
					<comments>/im-trying-not/#respond</comments>
		
		<dc:creator><![CDATA[admin]]></dc:creator>
		<pubDate>Fri, 24 Dec 2021 19:28:30 +0000</pubDate>
				<category><![CDATA[Uncategorized]]></category>
		<category><![CDATA[Alderaan]]></category>
		<category><![CDATA[Force]]></category>
		<category><![CDATA[Jedi]]></category>
		<category><![CDATA[Luke]]></category>
		<category><![CDATA[Obi-Wan]]></category>
		<category><![CDATA[Senate]]></category>
		<category><![CDATA[Star Wars]]></category>
		<guid isPermaLink="false">/im-trying-not/</guid>

					<description><![CDATA[Red Five standing by. The plans you refer to will soon be back in our hands. Red Five standing by. I&#8217;m surprised you had the courage to take the responsibility yourself. She must have hidden the plans in the escape pod. Send a detachment down to retrieve them, and see to it personally, Commander. There&#8217;ll ... <a title="I&#8217;m trying not" class="read-more" href="/im-trying-not/" aria-label="More on I&#8217;m trying not">Read more</a>]]></description>
										<content:encoded><![CDATA[<p>Red Five standing by. The plans you refer to will soon be back in our hands. Red Five standing by. I&#8217;m surprised you had the courage to take the responsibility yourself. She must have hidden the plans in the escape pod. Send a detachment down to retrieve them, and see to it personally, Commander. There&#8217;ll be no one to stop us this time! No! Alderaan is peaceful. We have no weapons. You can&#8217;t possibly</p>
<p>Eaque ipsa quae ab illo inventore veritatis et quasi. Eaque ipsa quae ab illo inventore veritatis et quasi. Non numquam eius modi tempora incidunt ut labore et dolore magnam aliquam quaerat voluptatem. Fugiat quo voluptas nulla pariatur? Corrupti quos dolores et quas molestias excepturi sint occaecati.</p>
<p>Leave that to me. Send a distress signal, and inform the Senate that all on board were killed. I don&#8217;t know what you&#8217;re talking about. I am a member of the Imperial Senate on a diplomatic mission to Alderaan Partially, but it also obeys your commands. Kid, I&#8217;ve flown from one side of this galaxy to the other. I&#8217;ve seen a lot of strange stuff, but I&#8217;ve never seen anything to make me believe there&#8217;s one all-powerful Force controlling everything. There&#8217;s no mystical energy field that controls my destiny. It&#8217;s all a lot of simple tricks and nonsense. A tremor in the Force. The last time I felt it was in the presence of my old master.</p>
<p>I don&#8217;t know what you&#8217;re talking about. I am a member of the Imperial Senate on a diplomatic mission to Alderaan What?! Hey, Luke! May the Force be with you.</p>
]]></content:encoded>
					
					<wfw:commentRss>/im-trying-not/feed/</wfw:commentRss>
			<slash:comments>0</slash:comments>
		
		
			</item>
		<item>
		<title>Nam libero tempore, cum soluta nobis est eligendi optio cumque nihil impedit quo</title>
		<link>/nam-libero-tempore-cum-soluta-nobis-est-eligendi-optio-cumque-nihil-impedit-quo/</link>
					<comments>/nam-libero-tempore-cum-soluta-nobis-est-eligendi-optio-cumque-nihil-impedit-quo/#respond</comments>
		
		<dc:creator><![CDATA[admin]]></dc:creator>
		<pubDate>Thu, 23 Dec 2021 19:28:30 +0000</pubDate>
				<category><![CDATA[Uncategorized]]></category>
		<category><![CDATA[Force]]></category>
		<guid isPermaLink="false">/nam-libero-tempore-cum-soluta-nobis-est-eligendi-optio-cumque-nihil-impedit-quo/</guid>

					<description><![CDATA[The plans you refer to will soon be back in our hands. I have traced the Rebel spies to her. Now she is my only link to finding their secret base. A tremor in the Force. The last time I felt it was in the presence of my old master. The plans you refer to ... <a title="Nam libero tempore, cum soluta nobis est eligendi optio cumque nihil impedit quo" class="read-more" href="/nam-libero-tempore-cum-soluta-nobis-est-eligendi-optio-cumque-nihil-impedit-quo/" aria-label="More on Nam libero tempore, cum soluta nobis est eligendi optio cumque nihil impedit quo">Read more</a>]]></description>
										<content:encoded><![CDATA[<p>The plans you refer to will soon be back in our hands. I have traced the Rebel spies to her. Now she is my only link to finding their secret base. A tremor in the Force. The last time I felt it was in the presence of my old master. The plans you refer to will soon be back in our hands. You&#8217;re all clear, kid. Let&#8217;s blow this thing and go home!</p>
<p>Itaque earum rerum hic tenetur a sapiente delectus. Cupiditate non provident, similique sunt in culpa qui officia deserunt mollitia. Accusantium doloremque laudantium, totam rem aperiam, eaque ipsa quae ab illo.</p>
]]></content:encoded>
					
					<wfw:commentRss>/nam-libero-tempore-cum-soluta-nobis-est-eligendi-optio-cumque-nihil-impedit-quo/feed/</wfw:commentRss>
			<slash:comments>0</slash:comments>
		
		
			</item>
		<item>
		<title>Non numquam eius modi tempora incidunt ut labore</title>
		<link>/non-numquam-eius-modi-tempora-incidunt-ut-labore/</link>
					<comments>/non-numquam-eius-modi-tempora-incidunt-ut-labore/#respond</comments>
		
		<dc:creator><![CDATA[admin]]></dc:creator>
		<pubDate>Thu, 23 Dec 2021 19:28:30 +0000</pubDate>
				<category><![CDATA[Uncategorized]]></category>
		<category><![CDATA[Force]]></category>
		<category><![CDATA[Luke]]></category>
		<category><![CDATA[Rebel]]></category>
		<category><![CDATA[Senate]]></category>
		<category><![CDATA[Star Wars]]></category>
		<guid isPermaLink="false">/non-numquam-eius-modi-tempora-incidunt-ut-labore/</guid>

					<description><![CDATA[Eaque ipsa quae ab illo inventore veritatis et quasi. Eaque ipsa quae ab illo inventore veritatis et quasi. Non numquam eius modi tempora incidunt ut labore et dolore magnam aliquam quaerat voluptatem. Fugiat quo voluptas nulla pariatur? Corrupti quos dolores et quas molestias excepturi sint occaecati. I have traced the Rebel spies to her. Now ... <a title="Non numquam eius modi tempora incidunt ut labore" class="read-more" href="/non-numquam-eius-modi-tempora-incidunt-ut-labore/" aria-label="More on Non numquam eius modi tempora incidunt ut labore">Read more</a>]]></description>
										<content:encoded><![CDATA[<p>Eaque ipsa quae ab illo inventore veritatis et quasi. Eaque ipsa quae ab illo inventore veritatis et quasi. Non numquam eius modi tempora incidunt ut labore et dolore magnam aliquam quaerat voluptatem. Fugiat quo voluptas nulla pariatur? Corrupti quos dolores et quas molestias excepturi sint occaecati.</p>
<p>I have traced the Rebel spies to her. Now she is my only link to finding their secret base. Oh God, my uncle. How am I ever gonna explain this? You mean it controls your actions? I find your lack of faith disturbing.</p>
<p>Esse cillum dolore eu fugiat nulla pariatur. Nemo enim ipsam voluptatem quia voluptas sit aspernatur aut odit aut fugit. Itaque earum rerum hic tenetur a sapiente delectus. Nisi ut aliquid ex ea commodi consequatur? Quis autem vel eum iure reprehenderit qui in ea voluptate velit esse quam. Ut aut reiciendis voluptatibus maiores alias consequatur aut perferendis doloribus asperiores repellat. Esse cillum dolore eu fugiat nulla pariatur.</p>
<p>What?! Don&#8217;t be too proud of this technological terror you&#8217;ve constructed. The ability to destroy a planet is insignificant next to the power of the Force. I have traced the Rebel spies to her. Now she is my only link to finding their secret base.</p>
]]></content:encoded>
					
					<wfw:commentRss>/non-numquam-eius-modi-tempora-incidunt-ut-labore/feed/</wfw:commentRss>
			<slash:comments>0</slash:comments>
		
		
			</item>
		<item>
		<title>The more you tighten</title>
		<link>/the-more-you-tighten/</link>
					<comments>/the-more-you-tighten/#respond</comments>
		
		<dc:creator><![CDATA[admin]]></dc:creator>
		<pubDate>Sun, 19 Dec 2021 19:28:30 +0000</pubDate>
				<category><![CDATA[Uncategorized]]></category>
		<category><![CDATA[Alderaan]]></category>
		<category><![CDATA[Force]]></category>
		<category><![CDATA[Jedi]]></category>
		<category><![CDATA[Luke]]></category>
		<category><![CDATA[Obi-Wan]]></category>
		<category><![CDATA[Rebel]]></category>
		<category><![CDATA[Senate]]></category>
		<guid isPermaLink="false">/the-more-you-tighten/</guid>

					<description><![CDATA[Don&#8217;t act so surprised, Your Highness. You weren&#8217;t on any mercy mission this time. Several transmissions were beamed to this ship by Rebel spies. I want to know what happened to the plans they sent you. All right. Well, take care of yourself, Han. I guess that&#8217;s what you&#8217;re best at, ain&#8217;t it? I don&#8217;t ... <a title="The more you tighten" class="read-more" href="/the-more-you-tighten/" aria-label="More on The more you tighten">Read more</a>]]></description>
										<content:encoded><![CDATA[<p>Don&#8217;t act so surprised, Your Highness. You weren&#8217;t on any mercy mission this time. Several transmissions were beamed to this ship by Rebel spies. I want to know what happened to the plans they sent you. All right. Well, take care of yourself, Han. I guess that&#8217;s what you&#8217;re best at, ain&#8217;t it? I don&#8217;t know what you&#8217;re talking about. I am a member of the Imperial Senate on a diplomatic mission to Alderaan</p>
<p>I don&#8217;t know what you&#8217;re talking about. I am a member of the Imperial Senate on a diplomatic mission to Alderaan Partially, but it also obeys your commands. Oh God, my uncle. How am I ever gonna explain this? What!? A tremor in the Force. The last time I felt it was in the presence of my old master.</p>
<p>Escape is not his plan. I must face him, alone. She must have hidden the plans in the escape pod. Send a detachment down to retrieve them, and see to it personally, Commander. There&#8217;ll be no one to stop us this time! What!? Alderaan? I&#8217;m not going to Alderaan. I&#8217;ve got to go home. It&#8217;s late, I&#8217;m in for it as it is. In my experience, there is no such thing as luck.</p>
<p>Cupiditate non provident, similique sunt in culpa qui officia deserunt mollitia. Totam rem aperiam. Excepteur sint occaecat cupidatat non proident, sunt in culpa. Do eiusmod tempor incididunt ut labore et dolore magna aliqua.</p>
]]></content:encoded>
					
					<wfw:commentRss>/the-more-you-tighten/feed/</wfw:commentRss>
			<slash:comments>0</slash:comments>
		
		
			</item>
		<item>
		<title>Send a detachment down to retrieve them, and see</title>
		<link>/send-a-detachment-down-to-retrieve-them-and-see/</link>
					<comments>/send-a-detachment-down-to-retrieve-them-and-see/#respond</comments>
		
		<dc:creator><![CDATA[admin]]></dc:creator>
		<pubDate>Mon, 13 Dec 2021 19:28:30 +0000</pubDate>
				<category><![CDATA[Uncategorized]]></category>
		<category><![CDATA[Alderaan]]></category>
		<category><![CDATA[Force]]></category>
		<category><![CDATA[Luke]]></category>
		<category><![CDATA[Obi-Wan]]></category>
		<category><![CDATA[Rebel]]></category>
		<category><![CDATA[Senate]]></category>
		<category><![CDATA[Star Wars]]></category>
		<guid isPermaLink="false">/send-a-detachment-down-to-retrieve-them-and-see/</guid>

					<description><![CDATA[Itaque earum rerum hic tenetur a sapiente delectus. Itaque earum rerum hic tenetur a sapiente delectus. Animi, id est laborum et dolorum fuga. Excepteur sint occaecat cupidatat non proident, sunt in culpa. Fugiat quo voluptas nulla pariatur? Architecto beatae vitae dicta sunt explicabo.]]></description>
										<content:encoded><![CDATA[<p>Itaque earum rerum hic tenetur a sapiente delectus. Itaque earum rerum hic tenetur a sapiente delectus. Animi, id est laborum et dolorum fuga. Excepteur sint occaecat cupidatat non proident, sunt in culpa. Fugiat quo voluptas nulla pariatur? Architecto beatae vitae dicta sunt explicabo.</p>
]]></content:encoded>
					
					<wfw:commentRss>/send-a-detachment-down-to-retrieve-them-and-see/feed/</wfw:commentRss>
			<slash:comments>0</slash:comments>
		
		
			</item>
		<item>
		<title>A tremor in</title>
		<link>/a-tremor-in/</link>
					<comments>/a-tremor-in/#respond</comments>
		
		<dc:creator><![CDATA[admin]]></dc:creator>
		<pubDate>Sat, 11 Dec 2021 19:28:30 +0000</pubDate>
				<category><![CDATA[Uncategorized]]></category>
		<category><![CDATA[Alderaan]]></category>
		<category><![CDATA[Force]]></category>
		<category><![CDATA[Jedi]]></category>
		<category><![CDATA[Obi-Wan]]></category>
		<category><![CDATA[Rebel]]></category>
		<category><![CDATA[Senate]]></category>
		<guid isPermaLink="false">/a-tremor-in/</guid>

					<description><![CDATA[Eaque ipsa quae ab illo inventore veritatis et quasi. Sed ut perspiciatis unde omnis iste natus error sit voluptatem. Totam rem aperiam. Nam libero tempore, cum soluta nobis est eligendi optio cumque nihil impedit quo minus id quod maxime placeat. Nisi ut aliquid ex ea commodi consequatur? Quis autem vel eum iure reprehenderit qui in ... <a title="A tremor in" class="read-more" href="/a-tremor-in/" aria-label="More on A tremor in">Read more</a>]]></description>
										<content:encoded><![CDATA[<p>Eaque ipsa quae ab illo inventore veritatis et quasi. Sed ut perspiciatis unde omnis iste natus error sit voluptatem. Totam rem aperiam. Nam libero tempore, cum soluta nobis est eligendi optio cumque nihil impedit quo minus id quod maxime placeat. Nisi ut aliquid ex ea commodi consequatur? Quis autem vel eum iure reprehenderit qui in ea voluptate velit esse quam.</p>
<p>Esse cillum dolore eu fugiat nulla pariatur. Nemo enim ipsam voluptatem quia voluptas sit aspernatur aut odit aut fugit. Itaque earum rerum hic tenetur a sapiente delectus. Nisi ut aliquid ex ea commodi consequatur? Quis autem vel eum iure reprehenderit qui in ea voluptate velit esse quam. Ut aut reiciendis voluptatibus maiores alias consequatur aut perferendis doloribus asperiores repellat. Esse cillum dolore eu fugiat nulla pariatur.</p>
]]></content:encoded>
					
					<wfw:commentRss>/a-tremor-in/feed/</wfw:commentRss>
			<slash:comments>0</slash:comments>
		
		
			</item>
		<item>
		<title>I&#8217;m getting too old</title>
		<link>/im-getting-too-old/</link>
					<comments>/im-getting-too-old/#respond</comments>
		
		<dc:creator><![CDATA[admin]]></dc:creator>
		<pubDate>Sat, 11 Dec 2021 19:28:30 +0000</pubDate>
				<category><![CDATA[Uncategorized]]></category>
		<category><![CDATA[Alderaan]]></category>
		<category><![CDATA[Force]]></category>
		<category><![CDATA[Jedi]]></category>
		<category><![CDATA[Luke]]></category>
		<category><![CDATA[Rebel]]></category>
		<guid isPermaLink="false">/im-getting-too-old/</guid>

					<description><![CDATA[He is here. Leave that to me. Send a distress signal, and inform the Senate that all on board were killed. Red Five standing by. Partially, but it also obeys your commands. The more you tighten your grip, Tarkin, the more star systems will slip through your fingers. I&#8217;m surprised you had the courage to ... <a title="I&#8217;m getting too old" class="read-more" href="/im-getting-too-old/" aria-label="More on I&#8217;m getting too old">Read more</a>]]></description>
										<content:encoded><![CDATA[<p>He is here. Leave that to me. Send a distress signal, and inform the Senate that all on board were killed. Red Five standing by. Partially, but it also obeys your commands. The more you tighten your grip, Tarkin, the more star systems will slip through your fingers. I&#8217;m surprised you had the courage to take the responsibility yourself.</p>
<p>Red Five standing by. The plans you refer to will soon be back in our hands. Red Five standing by. I&#8217;m surprised you had the courage to take the responsibility yourself. She must have hidden the plans in the escape pod. Send a detachment down to retrieve them, and see to it personally, Commander. There&#8217;ll be no one to stop us this time! No! Alderaan is peaceful. We have no weapons. You can&#8217;t possibly</p>
]]></content:encoded>
					
					<wfw:commentRss>/im-getting-too-old/feed/</wfw:commentRss>
			<slash:comments>0</slash:comments>
		
		
			</item>
		<item>
		<title>I&#8217;m getting too old for this sort of</title>
		<link>/im-getting-too-old-for-this-sort-of/</link>
					<comments>/im-getting-too-old-for-this-sort-of/#respond</comments>
		
		<dc:creator><![CDATA[admin]]></dc:creator>
		<pubDate>Fri, 10 Dec 2021 19:28:30 +0000</pubDate>
				<category><![CDATA[Uncategorized]]></category>
		<category><![CDATA[Force]]></category>
		<category><![CDATA[Obi-Wan]]></category>
		<category><![CDATA[Rebel]]></category>
		<category><![CDATA[Senate]]></category>
		<category><![CDATA[Star Wars]]></category>
		<guid isPermaLink="false">/im-getting-too-old-for-this-sort-of/</guid>

					<description><![CDATA[I have traced the Rebel spies to her. Now she is my only link to finding their secret base. She must have hidden the plans in the escape pod. Send a detachment down to retrieve them, and see to it personally, Commander. There&#8217;ll be no one to stop us this time! I need your help, ... <a title="I&#8217;m getting too old for this sort of" class="read-more" href="/im-getting-too-old-for-this-sort-of/" aria-label="More on I&#8217;m getting too old for this sort of">Read more</a>]]></description>
										<content:encoded><![CDATA[<p>I have traced the Rebel spies to her. Now she is my only link to finding their secret base. She must have hidden the plans in the escape pod. Send a detachment down to retrieve them, and see to it personally, Commander. There&#8217;ll be no one to stop us this time! I need your help, Luke. She needs your help. I&#8217;m getting too old for this sort of thing. Obi-Wan is here. The Force is with him. No! Alderaan is peaceful. We have no weapons. You can&#8217;t possibly&#8230;</p>
<p>The plans you refer to will soon be back in our hands. I have traced the Rebel spies to her. Now she is my only link to finding their secret base. A tremor in the Force. The last time I felt it was in the presence of my old master. The plans you refer to will soon be back in our hands. You&#8217;re all clear, kid. Let&#8217;s blow this thing and go home!</p>
<p>Architecto beatae vitae dicta sunt explicabo. Cupiditate non provident, similique sunt in culpa qui officia deserunt mollitia. Neque porro quisquam est, qui dolorem ipsum quia dolor sit amet, consectetur, adipisci velit. Nam libero tempore, cum soluta nobis est eligendi optio cumque nihil impedit quo minus id quod maxime placeat. Corrupti quos dolores et quas molestias excepturi sint occaecati.</p>
<p>Itaque earum rerum hic tenetur a sapiente delectus. Cupiditate non provident, similique sunt in culpa qui officia deserunt mollitia. Accusantium doloremque laudantium, totam rem aperiam, eaque ipsa quae ab illo.</p>
]]></content:encoded>
					
					<wfw:commentRss>/im-getting-too-old-for-this-sort-of/feed/</wfw:commentRss>
			<slash:comments>0</slash:comments>
		
		
			</item>
		<item>
		<title>I am a member of the Imperial Senate</title>
		<link>/i-am-a-member-of-the-imperial-senate/</link>
					<comments>/i-am-a-member-of-the-imperial-senate/#respond</comments>
		
		<dc:creator><![CDATA[admin]]></dc:creator>
		<pubDate>Thu, 09 Dec 2021 19:28:30 +0000</pubDate>
				<category><![CDATA[Uncategorized]]></category>
		<category><![CDATA[Force]]></category>
		<category><![CDATA[Obi-Wan]]></category>
		<category><![CDATA[Senate]]></category>
		<category><![CDATA[Star Wars]]></category>
		<guid isPermaLink="false">/i-am-a-member-of-the-imperial-senate/</guid>

					<description><![CDATA[I don&#8217;t know what you&#8217;re talking about. I am a member of the Imperial Senate on a diplomatic mission to Alderaan What?! Hey, Luke! May the Force be with you. At vero eos et accusamus. At vero eos et accusamus. Itaque earum rerum hic tenetur a sapiente delectus. Ut enim ad minima veniam, quis nostrum ... <a title="I am a member of the Imperial Senate" class="read-more" href="/i-am-a-member-of-the-imperial-senate/" aria-label="More on I am a member of the Imperial Senate">Read more</a>]]></description>
										<content:encoded><![CDATA[<p>I don&#8217;t know what you&#8217;re talking about. I am a member of the Imperial Senate on a diplomatic mission to Alderaan What?! Hey, Luke! May the Force be with you.</p>
<p>At vero eos et accusamus. At vero eos et accusamus. Itaque earum rerum hic tenetur a sapiente delectus. Ut enim ad minima veniam, quis nostrum exercitationem ullam corporis suscipit laboriosam.</p>
<p>Nihil molestiae consequatur, vel illum qui dolorem eum. Nisi ut aliquid ex ea commodi consequatur? Quis autem vel eum iure reprehenderit qui in ea voluptate velit esse quam. Cupiditate non provident, similique sunt in culpa qui officia deserunt mollitia. Ut aut reiciendis voluptatibus maiores alias consequatur aut perferendis doloribus asperiores repellat. Ut enim ad minim veniam, quis nostrud exercitation ullamco. Duis aute irure dolor in reprehenderit in voluptate velit.</p>
<p>Red Five standing by. The plans you refer to will soon be back in our hands. Red Five standing by. I&#8217;m surprised you had the courage to take the responsibility yourself. She must have hidden the plans in the escape pod. Send a detachment down to retrieve them, and see to it personally, Commander. There&#8217;ll be no one to stop us this time! No! Alderaan is peaceful. We have no weapons. You can&#8217;t possibly</p>
<p>Itaque earum rerum hic tenetur a sapiente delectus. Et iusto odio dignissimos ducimus qui blanditiis praesentium voluptatum deleniti atque. Esse cillum dolore eu fugiat nulla pariatur.</p>
]]></content:encoded>
					
					<wfw:commentRss>/i-am-a-member-of-the-imperial-senate/feed/</wfw:commentRss>
			<slash:comments>0</slash:comments>
		
		
			</item>
	</channel>
</rss>
