<?xml version="1.0" encoding="UTF-8"?><rss version="2.0"
	xmlns:content="http://purl.org/rss/1.0/modules/content/"
	xmlns:dc="http://purl.org/dc/elements/1.1/"
	xmlns:atom="http://www.w3.org/2005/Atom"
	xmlns:sy="http://purl.org/rss/1.0/modules/syndication/"
	
	>
<channel>
	<title>
	Comments on: Fugiat quo voluptas nulla	</title>
	<atom:link href="/fugiat-quo-voluptas-nulla/feed/" rel="self" type="application/rss+xml" />
	<link>/fugiat-quo-voluptas-nulla/</link>
	<description>Just another WordPress site</description>
	<lastBuildDate>Tue, 23 Nov 2021 19:28:30 +0000</lastBuildDate>
	<sy:updatePeriod>
	hourly	</sy:updatePeriod>
	<sy:updateFrequency>
	1	</sy:updateFrequency>
	<generator>https://wordpress.org/?v=6.0.1</generator>
</channel>
</rss>
