<?xml version="1.0" encoding="UTF-8"?><rss version="2.0"
	xmlns:content="http://purl.org/rss/1.0/modules/content/"
	xmlns:wfw="http://wellformedweb.org/CommentAPI/"
	xmlns:dc="http://purl.org/dc/elements/1.1/"
	xmlns:atom="http://www.w3.org/2005/Atom"
	xmlns:sy="http://purl.org/rss/1.0/modules/syndication/"
	xmlns:slash="http://purl.org/rss/1.0/modules/slash/"
	>

<channel>
	<title>business &#8211; test1.beachdrop.com</title>
	<atom:link href="/category/business/feed/" rel="self" type="application/rss+xml" />
	<link>/</link>
	<description>Just another WordPress site</description>
	<lastBuildDate>Fri, 23 Oct 2020 09:45:08 +0000</lastBuildDate>
	<language>en-US</language>
	<sy:updatePeriod>
	hourly	</sy:updatePeriod>
	<sy:updateFrequency>
	1	</sy:updateFrequency>
	<generator>https://wordpress.org/?v=6.0.1</generator>
	<item>
		<title>Et harum quidem rerum facilis est et expedita distinctio</title>
		<link>/et-harum-quidem-rerum-facilis-est-et-expedita-distinctio/</link>
					<comments>/et-harum-quidem-rerum-facilis-est-et-expedita-distinctio/#respond</comments>
		
		<dc:creator><![CDATA[admin]]></dc:creator>
		<pubDate>Fri, 23 Oct 2020 09:45:08 +0000</pubDate>
				<category><![CDATA[business]]></category>
		<category><![CDATA[success]]></category>
		<guid isPermaLink="false">https://startertemplatecloud.com/e03/?p=218</guid>

					<description><![CDATA[Lorem ipsum dolor sit amet, consectetur adipiscing elit, sed do eiusmod tempor incididunt ut labore et dolore magna aliqua. Gravida dictum fusce ut placerat. Convallis aenean et tortor at. Mauris sit amet massa vitae. A condimentum vitae sapien pellentesque habitant morbi tristique senectus et. Malesuada nunc vel risus commodo viverra maecenas accumsan lacus. Magnis dis ... <a title="Et harum quidem rerum facilis est et expedita distinctio" class="read-more" href="/et-harum-quidem-rerum-facilis-est-et-expedita-distinctio/" aria-label="More on Et harum quidem rerum facilis est et expedita distinctio">Read more</a>]]></description>
										<content:encoded><![CDATA[
<p>Lorem ipsum dolor sit amet, consectetur adipiscing elit, sed do eiusmod tempor incididunt ut labore et dolore magna aliqua. Gravida dictum fusce ut placerat. Convallis aenean et tortor at. Mauris sit amet massa vitae. A condimentum vitae sapien pellentesque habitant morbi tristique senectus et. Malesuada nunc vel risus commodo viverra maecenas accumsan lacus. Magnis dis parturient montes nascetur ridiculus. Volutpat sed cras ornare arcu dui vivamus arcu felis. Neque sodales ut etiam sit amet nisl purus in. Elit ut aliquam purus sit amet luctus venenatis lectus. At volutpat diam ut venenatis tellus in metus vulputate.</p>



<p>Fermentum et sollicitudin ac orci phasellus egestas tellus. Amet dictum sit amet justo donec enim. Iaculis nunc sed augue lacus viverra vitae. Pharetra pharetra massa massa ultricies mi quis hendrerit dolor magna. Vel fringilla est ullamcorper eget nulla facilisi etiam dignissim diam. Nisi porta lorem mollis aliquam ut porttitor. Vel turpis nunc eget lorem dolor. Lacinia quis vel eros donec ac odio tempor orci dapibus. Mi sit amet mauris commodo quis imperdiet. Porta nibh venenatis cras sed felis. Phasellus faucibus scelerisque eleifend donec pretium vulputate sapien nec sagittis. Volutpat ac tincidunt vitae semper quis lectus nulla.</p>



<p>At tellus at urna condimentum mattis pellentesque. Arcu non sodales neque sodales. Tincidunt ornare massa eget egestas. Ut tortor pretium viverra suspendisse potenti nullam ac tortor vitae. Vestibulum rhoncus est pellentesque elit ullamcorper dignissim. Donec adipiscing tristique risus nec feugiat in. Ut ornare lectus sit amet. Hendrerit dolor magna eget est lorem. Ipsum suspendisse ultrices gravida dictum fusce. Ultricies leo integer malesuada nunc vel risus commodo viverra. Mauris in aliquam sem fringilla. Fermentum odio eu feugiat pretium.</p>



<p>Tellus in metus vulputate eu scelerisque felis imperdiet proin. Eu ultrices vitae auctor eu augue ut lectus. Enim sed faucibus turpis in eu. Hac habitasse platea dictumst quisque sagittis purus. Justo laoreet sit amet cursus. Lobortis mattis aliquam faucibus purus in massa tempor nec feugiat. Mauris pharetra et ultrices neque ornare aenean euismod elementum nisi. Lectus sit amet est placerat. Vulputate enim nulla aliquet porttitor lacus luctus accumsan. Odio pellentesque diam volutpat commodo sed egestas. Sapien eget mi proin sed libero. Ut placerat orci nulla pellentesque. Mi quis hendrerit dolor magna eget est. Nunc scelerisque viverra mauris in aliquam. Sapien faucibus et molestie ac feugiat sed lectus vestibulum mattis. Odio ut enim blandit volutpat maecenas volutpat blandit. Cras sed felis eget velit aliquet sagittis id consectetur purus. Porta nibh venenatis cras sed felis eget velit. Imperdiet proin fermentum leo vel. Tempus egestas sed sed risus pretium quam vulputate dignissim suspendisse.</p>



<p>Lorem ipsum dolor sit amet consectetur adipiscing elit duis tristique. Nunc consequat interdum varius sit amet mattis vulputate enim. Faucibus et molestie ac feugiat sed lectus vestibulum mattis. Massa sed elementum tempus egestas sed sed. Nunc consequat interdum varius sit amet. Neque vitae tempus quam pellentesque nec. Cursus metus aliquam eleifend mi. Eu scelerisque felis imperdiet proin fermentum leo vel orci. Quam elementum pulvinar etiam non quam lacus suspendisse faucibus interdum. Non enim praesent elementum facilisis leo vel fringilla. Nisi vitae suscipit tellus mauris a diam maecenas sed. Lorem sed risus ultricies tristique nulla. Elementum facilisis leo vel fringilla. Ut tortor pretium viverra suspendisse potenti. Diam in arcu cursus euismod quis viverra. Mattis vulputate enim nulla aliquet porttitor. Lorem ipsum dolor sit amet consectetur adipiscing. Libero id faucibus nisl tincidunt eget nullam non. Libero nunc consequat interdum varius.</p>
]]></content:encoded>
					
					<wfw:commentRss>/et-harum-quidem-rerum-facilis-est-et-expedita-distinctio/feed/</wfw:commentRss>
			<slash:comments>0</slash:comments>
		
		
			</item>
		<item>
		<title>At vero eos et accusamus et iusto odio dignissimos ducimus</title>
		<link>/at-vero-eos-et-accusamus-et-iusto-odio-dignissimos-ducimus-qui-blanditiis/</link>
					<comments>/at-vero-eos-et-accusamus-et-iusto-odio-dignissimos-ducimus-qui-blanditiis/#respond</comments>
		
		<dc:creator><![CDATA[admin]]></dc:creator>
		<pubDate>Fri, 23 Oct 2020 09:44:30 +0000</pubDate>
				<category><![CDATA[business]]></category>
		<category><![CDATA[success]]></category>
		<guid isPermaLink="false">https://startertemplatecloud.com/e03/?p=207</guid>

					<description><![CDATA[Lorem ipsum dolor sit amet, consectetur adipiscing elit, sed do eiusmod tempor incididunt ut labore et dolore magna aliqua. Gravida dictum fusce ut placerat. Convallis aenean et tortor at. Mauris sit amet massa vitae. A condimentum vitae sapien pellentesque habitant morbi tristique senectus et. Malesuada nunc vel risus commodo viverra maecenas accumsan lacus. Magnis dis ... <a title="At vero eos et accusamus et iusto odio dignissimos ducimus" class="read-more" href="/at-vero-eos-et-accusamus-et-iusto-odio-dignissimos-ducimus-qui-blanditiis/" aria-label="More on At vero eos et accusamus et iusto odio dignissimos ducimus">Read more</a>]]></description>
										<content:encoded><![CDATA[
<p>Lorem ipsum dolor sit amet, consectetur adipiscing elit, sed do eiusmod tempor incididunt ut labore et dolore magna aliqua. Gravida dictum fusce ut placerat. Convallis aenean et tortor at. Mauris sit amet massa vitae. A condimentum vitae sapien pellentesque habitant morbi tristique senectus et. Malesuada nunc vel risus commodo viverra maecenas accumsan lacus. Magnis dis parturient montes nascetur ridiculus. Volutpat sed cras ornare arcu dui vivamus arcu felis. Neque sodales ut etiam sit amet nisl purus in. Elit ut aliquam purus sit amet luctus venenatis lectus. At volutpat diam ut venenatis tellus in metus vulputate.</p>



<p>Fermentum et sollicitudin ac orci phasellus egestas tellus. Amet dictum sit amet justo donec enim. Iaculis nunc sed augue lacus viverra vitae. Pharetra pharetra massa massa ultricies mi quis hendrerit dolor magna. Vel fringilla est ullamcorper eget nulla facilisi etiam dignissim diam. Nisi porta lorem mollis aliquam ut porttitor. Vel turpis nunc eget lorem dolor. Lacinia quis vel eros donec ac odio tempor orci dapibus. Mi sit amet mauris commodo quis imperdiet. Porta nibh venenatis cras sed felis. Phasellus faucibus scelerisque eleifend donec pretium vulputate sapien nec sagittis. Volutpat ac tincidunt vitae semper quis lectus nulla.</p>



<p>At tellus at urna condimentum mattis pellentesque. Arcu non sodales neque sodales. Tincidunt ornare massa eget egestas. Ut tortor pretium viverra suspendisse potenti nullam ac tortor vitae. Vestibulum rhoncus est pellentesque elit ullamcorper dignissim. Donec adipiscing tristique risus nec feugiat in. Ut ornare lectus sit amet. Hendrerit dolor magna eget est lorem. Ipsum suspendisse ultrices gravida dictum fusce. Ultricies leo integer malesuada nunc vel risus commodo viverra. Mauris in aliquam sem fringilla. Fermentum odio eu feugiat pretium.</p>



<p>Tellus in metus vulputate eu scelerisque felis imperdiet proin. Eu ultrices vitae auctor eu augue ut lectus. Enim sed faucibus turpis in eu. Hac habitasse platea dictumst quisque sagittis purus. Justo laoreet sit amet cursus. Lobortis mattis aliquam faucibus purus in massa tempor nec feugiat. Mauris pharetra et ultrices neque ornare aenean euismod elementum nisi. Lectus sit amet est placerat. Vulputate enim nulla aliquet porttitor lacus luctus accumsan. Odio pellentesque diam volutpat commodo sed egestas. Sapien eget mi proin sed libero. Ut placerat orci nulla pellentesque. Mi quis hendrerit dolor magna eget est. Nunc scelerisque viverra mauris in aliquam. Sapien faucibus et molestie ac feugiat sed lectus vestibulum mattis. Odio ut enim blandit volutpat maecenas volutpat blandit. Cras sed felis eget velit aliquet sagittis id consectetur purus. Porta nibh venenatis cras sed felis eget velit. Imperdiet proin fermentum leo vel. Tempus egestas sed sed risus pretium quam vulputate dignissim suspendisse.</p>



<p>Lorem ipsum dolor sit amet consectetur adipiscing elit duis tristique. Nunc consequat interdum varius sit amet mattis vulputate enim. Faucibus et molestie ac feugiat sed lectus vestibulum mattis. Massa sed elementum tempus egestas sed sed. Nunc consequat interdum varius sit amet. Neque vitae tempus quam pellentesque nec. Cursus metus aliquam eleifend mi. Eu scelerisque felis imperdiet proin fermentum leo vel orci. Quam elementum pulvinar etiam non quam lacus suspendisse faucibus interdum. Non enim praesent elementum facilisis leo vel fringilla. Nisi vitae suscipit tellus mauris a diam maecenas sed. Lorem sed risus ultricies tristique nulla. Elementum facilisis leo vel fringilla. Ut tortor pretium viverra suspendisse potenti. Diam in arcu cursus euismod quis viverra. Mattis vulputate enim nulla aliquet porttitor. Lorem ipsum dolor sit amet consectetur adipiscing. Libero id faucibus nisl tincidunt eget nullam non. Libero nunc consequat interdum varius.</p>
]]></content:encoded>
					
					<wfw:commentRss>/at-vero-eos-et-accusamus-et-iusto-odio-dignissimos-ducimus-qui-blanditiis/feed/</wfw:commentRss>
			<slash:comments>0</slash:comments>
		
		
			</item>
		<item>
		<title>Quis autem vel eum iure reprehenderit qui in ea voluptate</title>
		<link>/quis-autem-vel-eum-iure-reprehenderit-qui-in-ea-voluptate/</link>
					<comments>/quis-autem-vel-eum-iure-reprehenderit-qui-in-ea-voluptate/#respond</comments>
		
		<dc:creator><![CDATA[admin]]></dc:creator>
		<pubDate>Fri, 23 Oct 2020 09:43:58 +0000</pubDate>
				<category><![CDATA[business]]></category>
		<category><![CDATA[success]]></category>
		<guid isPermaLink="false">https://startertemplatecloud.com/e03/?p=206</guid>

					<description><![CDATA[Lorem ipsum dolor sit amet, consectetur adipiscing elit, sed do eiusmod tempor incididunt ut labore et dolore magna aliqua. Gravida dictum fusce ut placerat. Convallis aenean et tortor at. Mauris sit amet massa vitae. A condimentum vitae sapien pellentesque habitant morbi tristique senectus et. Malesuada nunc vel risus commodo viverra maecenas accumsan lacus. Magnis dis ... <a title="Quis autem vel eum iure reprehenderit qui in ea voluptate" class="read-more" href="/quis-autem-vel-eum-iure-reprehenderit-qui-in-ea-voluptate/" aria-label="More on Quis autem vel eum iure reprehenderit qui in ea voluptate">Read more</a>]]></description>
										<content:encoded><![CDATA[
<p>Lorem ipsum dolor sit amet, consectetur adipiscing elit, sed do eiusmod tempor incididunt ut labore et dolore magna aliqua. Gravida dictum fusce ut placerat. Convallis aenean et tortor at. Mauris sit amet massa vitae. A condimentum vitae sapien pellentesque habitant morbi tristique senectus et. Malesuada nunc vel risus commodo viverra maecenas accumsan lacus. Magnis dis parturient montes nascetur ridiculus. Volutpat sed cras ornare arcu dui vivamus arcu felis. Neque sodales ut etiam sit amet nisl purus in. Elit ut aliquam purus sit amet luctus venenatis lectus. At volutpat diam ut venenatis tellus in metus vulputate.</p>



<p>Fermentum et sollicitudin ac orci phasellus egestas tellus. Amet dictum sit amet justo donec enim. Iaculis nunc sed augue lacus viverra vitae. Pharetra pharetra massa massa ultricies mi quis hendrerit dolor magna. Vel fringilla est ullamcorper eget nulla facilisi etiam dignissim diam. Nisi porta lorem mollis aliquam ut porttitor. Vel turpis nunc eget lorem dolor. Lacinia quis vel eros donec ac odio tempor orci dapibus. Mi sit amet mauris commodo quis imperdiet. Porta nibh venenatis cras sed felis. Phasellus faucibus scelerisque eleifend donec pretium vulputate sapien nec sagittis. Volutpat ac tincidunt vitae semper quis lectus nulla.</p>



<p>At tellus at urna condimentum mattis pellentesque. Arcu non sodales neque sodales. Tincidunt ornare massa eget egestas. Ut tortor pretium viverra suspendisse potenti nullam ac tortor vitae. Vestibulum rhoncus est pellentesque elit ullamcorper dignissim. Donec adipiscing tristique risus nec feugiat in. Ut ornare lectus sit amet. Hendrerit dolor magna eget est lorem. Ipsum suspendisse ultrices gravida dictum fusce. Ultricies leo integer malesuada nunc vel risus commodo viverra. Mauris in aliquam sem fringilla. Fermentum odio eu feugiat pretium.</p>



<p>Tellus in metus vulputate eu scelerisque felis imperdiet proin. Eu ultrices vitae auctor eu augue ut lectus. Enim sed faucibus turpis in eu. Hac habitasse platea dictumst quisque sagittis purus. Justo laoreet sit amet cursus. Lobortis mattis aliquam faucibus purus in massa tempor nec feugiat. Mauris pharetra et ultrices neque ornare aenean euismod elementum nisi. Lectus sit amet est placerat. Vulputate enim nulla aliquet porttitor lacus luctus accumsan. Odio pellentesque diam volutpat commodo sed egestas. Sapien eget mi proin sed libero. Ut placerat orci nulla pellentesque. Mi quis hendrerit dolor magna eget est. Nunc scelerisque viverra mauris in aliquam. Sapien faucibus et molestie ac feugiat sed lectus vestibulum mattis. Odio ut enim blandit volutpat maecenas volutpat blandit. Cras sed felis eget velit aliquet sagittis id consectetur purus. Porta nibh venenatis cras sed felis eget velit. Imperdiet proin fermentum leo vel. Tempus egestas sed sed risus pretium quam vulputate dignissim suspendisse.</p>



<p>Lorem ipsum dolor sit amet consectetur adipiscing elit duis tristique. Nunc consequat interdum varius sit amet mattis vulputate enim. Faucibus et molestie ac feugiat sed lectus vestibulum mattis. Massa sed elementum tempus egestas sed sed. Nunc consequat interdum varius sit amet. Neque vitae tempus quam pellentesque nec. Cursus metus aliquam eleifend mi. Eu scelerisque felis imperdiet proin fermentum leo vel orci. Quam elementum pulvinar etiam non quam lacus suspendisse faucibus interdum. Non enim praesent elementum facilisis leo vel fringilla. Nisi vitae suscipit tellus mauris a diam maecenas sed. Lorem sed risus ultricies tristique nulla. Elementum facilisis leo vel fringilla. Ut tortor pretium viverra suspendisse potenti. Diam in arcu cursus euismod quis viverra. Mattis vulputate enim nulla aliquet porttitor. Lorem ipsum dolor sit amet consectetur adipiscing. Libero id faucibus nisl tincidunt eget nullam non. Libero nunc consequat interdum varius.</p>
]]></content:encoded>
					
					<wfw:commentRss>/quis-autem-vel-eum-iure-reprehenderit-qui-in-ea-voluptate/feed/</wfw:commentRss>
			<slash:comments>0</slash:comments>
		
		
			</item>
		<item>
		<title>Nemo enim ipsam voluptatem quia voluptas sit aspernatur aut</title>
		<link>/nemo-enim-ipsam-voluptatem-quia-voluptas-sit-aspernatur-aut/</link>
					<comments>/nemo-enim-ipsam-voluptatem-quia-voluptas-sit-aspernatur-aut/#respond</comments>
		
		<dc:creator><![CDATA[admin]]></dc:creator>
		<pubDate>Fri, 23 Oct 2020 09:43:27 +0000</pubDate>
				<category><![CDATA[business]]></category>
		<category><![CDATA[success]]></category>
		<guid isPermaLink="false">https://startertemplatecloud.com/e03/?p=205</guid>

					<description><![CDATA[Lorem ipsum dolor sit amet, consectetur adipiscing elit, sed do eiusmod tempor incididunt ut labore et dolore magna aliqua. Gravida dictum fusce ut placerat. Convallis aenean et tortor at. Mauris sit amet massa vitae. A condimentum vitae sapien pellentesque habitant morbi tristique senectus et. Malesuada nunc vel risus commodo viverra maecenas accumsan lacus. Magnis dis ... <a title="Nemo enim ipsam voluptatem quia voluptas sit aspernatur aut" class="read-more" href="/nemo-enim-ipsam-voluptatem-quia-voluptas-sit-aspernatur-aut/" aria-label="More on Nemo enim ipsam voluptatem quia voluptas sit aspernatur aut">Read more</a>]]></description>
										<content:encoded><![CDATA[
<p>Lorem ipsum dolor sit amet, consectetur adipiscing elit, sed do eiusmod tempor incididunt ut labore et dolore magna aliqua. Gravida dictum fusce ut placerat. Convallis aenean et tortor at. Mauris sit amet massa vitae. A condimentum vitae sapien pellentesque habitant morbi tristique senectus et. Malesuada nunc vel risus commodo viverra maecenas accumsan lacus. Magnis dis parturient montes nascetur ridiculus. Volutpat sed cras ornare arcu dui vivamus arcu felis. Neque sodales ut etiam sit amet nisl purus in. Elit ut aliquam purus sit amet luctus venenatis lectus. At volutpat diam ut venenatis tellus in metus vulputate.</p>



<p>Fermentum et sollicitudin ac orci phasellus egestas tellus. Amet dictum sit amet justo donec enim. Iaculis nunc sed augue lacus viverra vitae. Pharetra pharetra massa massa ultricies mi quis hendrerit dolor magna. Vel fringilla est ullamcorper eget nulla facilisi etiam dignissim diam. Nisi porta lorem mollis aliquam ut porttitor. Vel turpis nunc eget lorem dolor. Lacinia quis vel eros donec ac odio tempor orci dapibus. Mi sit amet mauris commodo quis imperdiet. Porta nibh venenatis cras sed felis. Phasellus faucibus scelerisque eleifend donec pretium vulputate sapien nec sagittis. Volutpat ac tincidunt vitae semper quis lectus nulla.</p>



<p>At tellus at urna condimentum mattis pellentesque. Arcu non sodales neque sodales. Tincidunt ornare massa eget egestas. Ut tortor pretium viverra suspendisse potenti nullam ac tortor vitae. Vestibulum rhoncus est pellentesque elit ullamcorper dignissim. Donec adipiscing tristique risus nec feugiat in. Ut ornare lectus sit amet. Hendrerit dolor magna eget est lorem. Ipsum suspendisse ultrices gravida dictum fusce. Ultricies leo integer malesuada nunc vel risus commodo viverra. Mauris in aliquam sem fringilla. Fermentum odio eu feugiat pretium.</p>



<p>Tellus in metus vulputate eu scelerisque felis imperdiet proin. Eu ultrices vitae auctor eu augue ut lectus. Enim sed faucibus turpis in eu. Hac habitasse platea dictumst quisque sagittis purus. Justo laoreet sit amet cursus. Lobortis mattis aliquam faucibus purus in massa tempor nec feugiat. Mauris pharetra et ultrices neque ornare aenean euismod elementum nisi. Lectus sit amet est placerat. Vulputate enim nulla aliquet porttitor lacus luctus accumsan. Odio pellentesque diam volutpat commodo sed egestas. Sapien eget mi proin sed libero. Ut placerat orci nulla pellentesque. Mi quis hendrerit dolor magna eget est. Nunc scelerisque viverra mauris in aliquam. Sapien faucibus et molestie ac feugiat sed lectus vestibulum mattis. Odio ut enim blandit volutpat maecenas volutpat blandit. Cras sed felis eget velit aliquet sagittis id consectetur purus. Porta nibh venenatis cras sed felis eget velit. Imperdiet proin fermentum leo vel. Tempus egestas sed sed risus pretium quam vulputate dignissim suspendisse.</p>



<p>Lorem ipsum dolor sit amet consectetur adipiscing elit duis tristique. Nunc consequat interdum varius sit amet mattis vulputate enim. Faucibus et molestie ac feugiat sed lectus vestibulum mattis. Massa sed elementum tempus egestas sed sed. Nunc consequat interdum varius sit amet. Neque vitae tempus quam pellentesque nec. Cursus metus aliquam eleifend mi. Eu scelerisque felis imperdiet proin fermentum leo vel orci. Quam elementum pulvinar etiam non quam lacus suspendisse faucibus interdum. Non enim praesent elementum facilisis leo vel fringilla. Nisi vitae suscipit tellus mauris a diam maecenas sed. Lorem sed risus ultricies tristique nulla. Elementum facilisis leo vel fringilla. Ut tortor pretium viverra suspendisse potenti. Diam in arcu cursus euismod quis viverra. Mattis vulputate enim nulla aliquet porttitor. Lorem ipsum dolor sit amet consectetur adipiscing. Libero id faucibus nisl tincidunt eget nullam non. Libero nunc consequat interdum varius.</p>
]]></content:encoded>
					
					<wfw:commentRss>/nemo-enim-ipsam-voluptatem-quia-voluptas-sit-aspernatur-aut/feed/</wfw:commentRss>
			<slash:comments>0</slash:comments>
		
		
			</item>
		<item>
		<title>Sed ut perspiciatis unde omnis iste natus error sit voluptatem</title>
		<link>/sed-ut-perspiciatis-unde-omnis-iste-natus-error-sit-voluptatem/</link>
					<comments>/sed-ut-perspiciatis-unde-omnis-iste-natus-error-sit-voluptatem/#respond</comments>
		
		<dc:creator><![CDATA[admin]]></dc:creator>
		<pubDate>Fri, 23 Oct 2020 09:32:42 +0000</pubDate>
				<category><![CDATA[business]]></category>
		<category><![CDATA[success]]></category>
		<guid isPermaLink="false">https://startertemplatecloud.com/e03/?p=204</guid>

					<description><![CDATA[Lorem ipsum dolor sit amet, consectetur adipiscing elit, sed do eiusmod tempor incididunt ut labore et dolore magna aliqua. Gravida dictum fusce ut placerat. Convallis aenean et tortor at. Mauris sit amet massa vitae. A condimentum vitae sapien pellentesque habitant morbi tristique senectus et. Malesuada nunc vel risus commodo viverra maecenas accumsan lacus. Magnis dis ... <a title="Sed ut perspiciatis unde omnis iste natus error sit voluptatem" class="read-more" href="/sed-ut-perspiciatis-unde-omnis-iste-natus-error-sit-voluptatem/" aria-label="More on Sed ut perspiciatis unde omnis iste natus error sit voluptatem">Read more</a>]]></description>
										<content:encoded><![CDATA[
<p>Lorem ipsum dolor sit amet, consectetur adipiscing elit, sed do eiusmod tempor incididunt ut labore et dolore magna aliqua. Gravida dictum fusce ut placerat. Convallis aenean et tortor at. Mauris sit amet massa vitae. A condimentum vitae sapien pellentesque habitant morbi tristique senectus et. Malesuada nunc vel risus commodo viverra maecenas accumsan lacus. Magnis dis parturient montes nascetur ridiculus. Volutpat sed cras ornare arcu dui vivamus arcu felis. Neque sodales ut etiam sit amet nisl purus in. Elit ut aliquam purus sit amet luctus venenatis lectus. At volutpat diam ut venenatis tellus in metus vulputate.</p>



<p>Fermentum et sollicitudin ac orci phasellus egestas tellus. Amet dictum sit amet justo donec enim. Iaculis nunc sed augue lacus viverra vitae. Pharetra pharetra massa massa ultricies mi quis hendrerit dolor magna. Vel fringilla est ullamcorper eget nulla facilisi etiam dignissim diam. Nisi porta lorem mollis aliquam ut porttitor. Vel turpis nunc eget lorem dolor. Lacinia quis vel eros donec ac odio tempor orci dapibus. Mi sit amet mauris commodo quis imperdiet. Porta nibh venenatis cras sed felis. Phasellus faucibus scelerisque eleifend donec pretium vulputate sapien nec sagittis. Volutpat ac tincidunt vitae semper quis lectus nulla.</p>



<p>At tellus at urna condimentum mattis pellentesque. Arcu non sodales neque sodales. Tincidunt ornare massa eget egestas. Ut tortor pretium viverra suspendisse potenti nullam ac tortor vitae. Vestibulum rhoncus est pellentesque elit ullamcorper dignissim. Donec adipiscing tristique risus nec feugiat in. Ut ornare lectus sit amet. Hendrerit dolor magna eget est lorem. Ipsum suspendisse ultrices gravida dictum fusce. Ultricies leo integer malesuada nunc vel risus commodo viverra. Mauris in aliquam sem fringilla. Fermentum odio eu feugiat pretium.</p>



<p>Tellus in metus vulputate eu scelerisque felis imperdiet proin. Eu ultrices vitae auctor eu augue ut lectus. Enim sed faucibus turpis in eu. Hac habitasse platea dictumst quisque sagittis purus. Justo laoreet sit amet cursus. Lobortis mattis aliquam faucibus purus in massa tempor nec feugiat. Mauris pharetra et ultrices neque ornare aenean euismod elementum nisi. Lectus sit amet est placerat. Vulputate enim nulla aliquet porttitor lacus luctus accumsan. Odio pellentesque diam volutpat commodo sed egestas. Sapien eget mi proin sed libero. Ut placerat orci nulla pellentesque. Mi quis hendrerit dolor magna eget est. Nunc scelerisque viverra mauris in aliquam. Sapien faucibus et molestie ac feugiat sed lectus vestibulum mattis. Odio ut enim blandit volutpat maecenas volutpat blandit. Cras sed felis eget velit aliquet sagittis id consectetur purus. Porta nibh venenatis cras sed felis eget velit. Imperdiet proin fermentum leo vel. Tempus egestas sed sed risus pretium quam vulputate dignissim suspendisse.</p>



<p>Lorem ipsum dolor sit amet consectetur adipiscing elit duis tristique. Nunc consequat interdum varius sit amet mattis vulputate enim. Faucibus et molestie ac feugiat sed lectus vestibulum mattis. Massa sed elementum tempus egestas sed sed. Nunc consequat interdum varius sit amet. Neque vitae tempus quam pellentesque nec. Cursus metus aliquam eleifend mi. Eu scelerisque felis imperdiet proin fermentum leo vel orci. Quam elementum pulvinar etiam non quam lacus suspendisse faucibus interdum. Non enim praesent elementum facilisis leo vel fringilla. Nisi vitae suscipit tellus mauris a diam maecenas sed. Lorem sed risus ultricies tristique nulla. Elementum facilisis leo vel fringilla. Ut tortor pretium viverra suspendisse potenti. Diam in arcu cursus euismod quis viverra. Mattis vulputate enim nulla aliquet porttitor. Lorem ipsum dolor sit amet consectetur adipiscing. Libero id faucibus nisl tincidunt eget nullam non. Libero nunc consequat interdum varius.</p>
]]></content:encoded>
					
					<wfw:commentRss>/sed-ut-perspiciatis-unde-omnis-iste-natus-error-sit-voluptatem/feed/</wfw:commentRss>
			<slash:comments>0</slash:comments>
		
		
			</item>
	</channel>
</rss>
