<?xml version="1.0" encoding="UTF-8"?><rss version="2.0"
	xmlns:content="http://purl.org/rss/1.0/modules/content/"
	xmlns:wfw="http://wellformedweb.org/CommentAPI/"
	xmlns:dc="http://purl.org/dc/elements/1.1/"
	xmlns:atom="http://www.w3.org/2005/Atom"
	xmlns:sy="http://purl.org/rss/1.0/modules/syndication/"
	xmlns:slash="http://purl.org/rss/1.0/modules/slash/"
	>

<channel>
	<title>Star Wars &#8211; test1.beachdrop.com</title>
	<atom:link href="/tag/star-wars/feed/" rel="self" type="application/rss+xml" />
	<link>/</link>
	<description>Just another WordPress site</description>
	<lastBuildDate>Mon, 27 Dec 2021 19:28:30 +0000</lastBuildDate>
	<language>en-US</language>
	<sy:updatePeriod>
	hourly	</sy:updatePeriod>
	<sy:updateFrequency>
	1	</sy:updateFrequency>
	<generator>https://wordpress.org/?v=6.0.1</generator>
	<item>
		<title>Esse cillum dolore eu fugiat</title>
		<link>/esse-cillum-dolore-eu-fugiat-2/</link>
					<comments>/esse-cillum-dolore-eu-fugiat-2/#respond</comments>
		
		<dc:creator><![CDATA[admin]]></dc:creator>
		<pubDate>Mon, 27 Dec 2021 19:28:30 +0000</pubDate>
				<category><![CDATA[Uncategorized]]></category>
		<category><![CDATA[Jedi]]></category>
		<category><![CDATA[Luke]]></category>
		<category><![CDATA[Obi-Wan]]></category>
		<category><![CDATA[Rebel]]></category>
		<category><![CDATA[Senate]]></category>
		<category><![CDATA[Star Wars]]></category>
		<guid isPermaLink="false">/esse-cillum-dolore-eu-fugiat-2/</guid>

					<description><![CDATA[Nihil molestiae consequatur, vel illum qui dolorem eum. Nisi ut aliquid ex ea commodi consequatur? Quis autem vel eum iure reprehenderit qui in ea voluptate velit esse quam. Cupiditate non provident, similique sunt in culpa qui officia deserunt mollitia. Ut aut reiciendis voluptatibus maiores alias consequatur aut perferendis doloribus asperiores repellat. Ut enim ad minim ... <a title="Esse cillum dolore eu fugiat" class="read-more" href="/esse-cillum-dolore-eu-fugiat-2/" aria-label="More on Esse cillum dolore eu fugiat">Read more</a>]]></description>
										<content:encoded><![CDATA[<p>Nihil molestiae consequatur, vel illum qui dolorem eum. Nisi ut aliquid ex ea commodi consequatur? Quis autem vel eum iure reprehenderit qui in ea voluptate velit esse quam. Cupiditate non provident, similique sunt in culpa qui officia deserunt mollitia. Ut aut reiciendis voluptatibus maiores alias consequatur aut perferendis doloribus asperiores repellat. Ut enim ad minim veniam, quis nostrud exercitation ullamco. Duis aute irure dolor in reprehenderit in voluptate velit.</p>
<p>Still, she&#8217;s got a lot of spirit. I don&#8217;t know, what do you think? I want to come with you to Alderaan. There&#8217;s nothing for me here now. I want to learn the ways of the Force and be a Jedi, like my father before me. I need your help, Luke. She needs your help. I&#8217;m getting too old for this sort of thing. Alderaan? I&#8217;m not going to Alderaan. I&#8217;ve got to go home. It&#8217;s late, I&#8217;m in for it as it is. As you wish. Red Five standing by.</p>
]]></content:encoded>
					
					<wfw:commentRss>/esse-cillum-dolore-eu-fugiat-2/feed/</wfw:commentRss>
			<slash:comments>0</slash:comments>
		
		
			</item>
		<item>
		<title>I don&#8217;t know what you&#8217;re</title>
		<link>/i-dont-know-what-youre/</link>
					<comments>/i-dont-know-what-youre/#respond</comments>
		
		<dc:creator><![CDATA[admin]]></dc:creator>
		<pubDate>Sun, 26 Dec 2021 19:28:30 +0000</pubDate>
				<category><![CDATA[Uncategorized]]></category>
		<category><![CDATA[Jedi]]></category>
		<category><![CDATA[Luke]]></category>
		<category><![CDATA[Star Wars]]></category>
		<guid isPermaLink="false">/i-dont-know-what-youre/</guid>

					<description><![CDATA[Leave that to me. Send a distress signal, and inform the Senate that all on board were killed. I don&#8217;t know what you&#8217;re talking about. I am a member of the Imperial Senate on a diplomatic mission to Alderaan Partially, but it also obeys your commands. Kid, I&#8217;ve flown from one side of this galaxy ... <a title="I don&#8217;t know what you&#8217;re" class="read-more" href="/i-dont-know-what-youre/" aria-label="More on I don&#8217;t know what you&#8217;re">Read more</a>]]></description>
										<content:encoded><![CDATA[<p>Leave that to me. Send a distress signal, and inform the Senate that all on board were killed. I don&#8217;t know what you&#8217;re talking about. I am a member of the Imperial Senate on a diplomatic mission to Alderaan Partially, but it also obeys your commands. Kid, I&#8217;ve flown from one side of this galaxy to the other. I&#8217;ve seen a lot of strange stuff, but I&#8217;ve never seen anything to make me believe there&#8217;s one all-powerful Force controlling everything. There&#8217;s no mystical energy field that controls my destiny. It&#8217;s all a lot of simple tricks and nonsense. A tremor in the Force. The last time I felt it was in the presence of my old master.</p>
<p>What?! Don&#8217;t be too proud of this technological terror you&#8217;ve constructed. The ability to destroy a planet is insignificant next to the power of the Force. I have traced the Rebel spies to her. Now she is my only link to finding their secret base.</p>
<p>Red Five standing by. The plans you refer to will soon be back in our hands. Red Five standing by. I&#8217;m surprised you had the courage to take the responsibility yourself. She must have hidden the plans in the escape pod. Send a detachment down to retrieve them, and see to it personally, Commander. There&#8217;ll be no one to stop us this time! No! Alderaan is peaceful. We have no weapons. You can&#8217;t possibly</p>
<p>Fugiat quo voluptas nulla pariatur? Nam libero tempore, cum soluta nobis est eligendi optio cumque nihil impedit quo minus id quod maxime placeat. Et harum quidem rerum facilis est et expedita distinctio.</p>
<p>Still, she&#8217;s got a lot of spirit. I don&#8217;t know, what do you think? I want to come with you to Alderaan. There&#8217;s nothing for me here now. I want to learn the ways of the Force and be a Jedi, like my father before me. I need your help, Luke. She needs your help. I&#8217;m getting too old for this sort of thing. Alderaan? I&#8217;m not going to Alderaan. I&#8217;ve got to go home. It&#8217;s late, I&#8217;m in for it as it is. As you wish. Red Five standing by.</p>
<p>Laboris nisi ut aliquip ex ea commodo consequat. Neque porro quisquam est, qui dolorem ipsum quia dolor sit amet, consectetur, adipisci velit. Nemo enim ipsam voluptatem quia voluptas sit aspernatur aut odit aut fugit.</p>
]]></content:encoded>
					
					<wfw:commentRss>/i-dont-know-what-youre/feed/</wfw:commentRss>
			<slash:comments>0</slash:comments>
		
		
			</item>
		<item>
		<title>I&#8217;m trying not</title>
		<link>/im-trying-not/</link>
					<comments>/im-trying-not/#respond</comments>
		
		<dc:creator><![CDATA[admin]]></dc:creator>
		<pubDate>Fri, 24 Dec 2021 19:28:30 +0000</pubDate>
				<category><![CDATA[Uncategorized]]></category>
		<category><![CDATA[Alderaan]]></category>
		<category><![CDATA[Force]]></category>
		<category><![CDATA[Jedi]]></category>
		<category><![CDATA[Luke]]></category>
		<category><![CDATA[Obi-Wan]]></category>
		<category><![CDATA[Senate]]></category>
		<category><![CDATA[Star Wars]]></category>
		<guid isPermaLink="false">/im-trying-not/</guid>

					<description><![CDATA[Red Five standing by. The plans you refer to will soon be back in our hands. Red Five standing by. I&#8217;m surprised you had the courage to take the responsibility yourself. She must have hidden the plans in the escape pod. Send a detachment down to retrieve them, and see to it personally, Commander. There&#8217;ll ... <a title="I&#8217;m trying not" class="read-more" href="/im-trying-not/" aria-label="More on I&#8217;m trying not">Read more</a>]]></description>
										<content:encoded><![CDATA[<p>Red Five standing by. The plans you refer to will soon be back in our hands. Red Five standing by. I&#8217;m surprised you had the courage to take the responsibility yourself. She must have hidden the plans in the escape pod. Send a detachment down to retrieve them, and see to it personally, Commander. There&#8217;ll be no one to stop us this time! No! Alderaan is peaceful. We have no weapons. You can&#8217;t possibly</p>
<p>Eaque ipsa quae ab illo inventore veritatis et quasi. Eaque ipsa quae ab illo inventore veritatis et quasi. Non numquam eius modi tempora incidunt ut labore et dolore magnam aliquam quaerat voluptatem. Fugiat quo voluptas nulla pariatur? Corrupti quos dolores et quas molestias excepturi sint occaecati.</p>
<p>Leave that to me. Send a distress signal, and inform the Senate that all on board were killed. I don&#8217;t know what you&#8217;re talking about. I am a member of the Imperial Senate on a diplomatic mission to Alderaan Partially, but it also obeys your commands. Kid, I&#8217;ve flown from one side of this galaxy to the other. I&#8217;ve seen a lot of strange stuff, but I&#8217;ve never seen anything to make me believe there&#8217;s one all-powerful Force controlling everything. There&#8217;s no mystical energy field that controls my destiny. It&#8217;s all a lot of simple tricks and nonsense. A tremor in the Force. The last time I felt it was in the presence of my old master.</p>
<p>I don&#8217;t know what you&#8217;re talking about. I am a member of the Imperial Senate on a diplomatic mission to Alderaan What?! Hey, Luke! May the Force be with you.</p>
]]></content:encoded>
					
					<wfw:commentRss>/im-trying-not/feed/</wfw:commentRss>
			<slash:comments>0</slash:comments>
		
		
			</item>
		<item>
		<title>Non numquam eius modi tempora incidunt ut labore</title>
		<link>/non-numquam-eius-modi-tempora-incidunt-ut-labore/</link>
					<comments>/non-numquam-eius-modi-tempora-incidunt-ut-labore/#respond</comments>
		
		<dc:creator><![CDATA[admin]]></dc:creator>
		<pubDate>Thu, 23 Dec 2021 19:28:30 +0000</pubDate>
				<category><![CDATA[Uncategorized]]></category>
		<category><![CDATA[Force]]></category>
		<category><![CDATA[Luke]]></category>
		<category><![CDATA[Rebel]]></category>
		<category><![CDATA[Senate]]></category>
		<category><![CDATA[Star Wars]]></category>
		<guid isPermaLink="false">/non-numquam-eius-modi-tempora-incidunt-ut-labore/</guid>

					<description><![CDATA[Eaque ipsa quae ab illo inventore veritatis et quasi. Eaque ipsa quae ab illo inventore veritatis et quasi. Non numquam eius modi tempora incidunt ut labore et dolore magnam aliquam quaerat voluptatem. Fugiat quo voluptas nulla pariatur? Corrupti quos dolores et quas molestias excepturi sint occaecati. I have traced the Rebel spies to her. Now ... <a title="Non numquam eius modi tempora incidunt ut labore" class="read-more" href="/non-numquam-eius-modi-tempora-incidunt-ut-labore/" aria-label="More on Non numquam eius modi tempora incidunt ut labore">Read more</a>]]></description>
										<content:encoded><![CDATA[<p>Eaque ipsa quae ab illo inventore veritatis et quasi. Eaque ipsa quae ab illo inventore veritatis et quasi. Non numquam eius modi tempora incidunt ut labore et dolore magnam aliquam quaerat voluptatem. Fugiat quo voluptas nulla pariatur? Corrupti quos dolores et quas molestias excepturi sint occaecati.</p>
<p>I have traced the Rebel spies to her. Now she is my only link to finding their secret base. Oh God, my uncle. How am I ever gonna explain this? You mean it controls your actions? I find your lack of faith disturbing.</p>
<p>Esse cillum dolore eu fugiat nulla pariatur. Nemo enim ipsam voluptatem quia voluptas sit aspernatur aut odit aut fugit. Itaque earum rerum hic tenetur a sapiente delectus. Nisi ut aliquid ex ea commodi consequatur? Quis autem vel eum iure reprehenderit qui in ea voluptate velit esse quam. Ut aut reiciendis voluptatibus maiores alias consequatur aut perferendis doloribus asperiores repellat. Esse cillum dolore eu fugiat nulla pariatur.</p>
<p>What?! Don&#8217;t be too proud of this technological terror you&#8217;ve constructed. The ability to destroy a planet is insignificant next to the power of the Force. I have traced the Rebel spies to her. Now she is my only link to finding their secret base.</p>
]]></content:encoded>
					
					<wfw:commentRss>/non-numquam-eius-modi-tempora-incidunt-ut-labore/feed/</wfw:commentRss>
			<slash:comments>0</slash:comments>
		
		
			</item>
		<item>
		<title>Et iusto odio dignissimos ducimus qui blanditiis</title>
		<link>/et-iusto-odio-dignissimos-ducimus-qui-blanditiis/</link>
					<comments>/et-iusto-odio-dignissimos-ducimus-qui-blanditiis/#respond</comments>
		
		<dc:creator><![CDATA[admin]]></dc:creator>
		<pubDate>Sat, 18 Dec 2021 19:28:30 +0000</pubDate>
				<category><![CDATA[Uncategorized]]></category>
		<category><![CDATA[Alderaan]]></category>
		<category><![CDATA[Jedi]]></category>
		<category><![CDATA[Luke]]></category>
		<category><![CDATA[Rebel]]></category>
		<category><![CDATA[Senate]]></category>
		<category><![CDATA[Star Wars]]></category>
		<guid isPermaLink="false">/et-iusto-odio-dignissimos-ducimus-qui-blanditiis/</guid>

					<description><![CDATA[Eaque ipsa quae ab illo inventore veritatis et quasi. Nam libero tempore, cum soluta nobis est eligendi optio cumque nihil impedit quo minus id quod maxime placeat. Nisi ut aliquid ex ea commodi consequatur? Quis autem vel eum iure reprehenderit qui in ea voluptate velit esse quam. Accusantium doloremque laudantium, totam rem aperiam, eaque ipsa ... <a title="Et iusto odio dignissimos ducimus qui blanditiis" class="read-more" href="/et-iusto-odio-dignissimos-ducimus-qui-blanditiis/" aria-label="More on Et iusto odio dignissimos ducimus qui blanditiis">Read more</a>]]></description>
										<content:encoded><![CDATA[<p>Eaque ipsa quae ab illo inventore veritatis et quasi. Nam libero tempore, cum soluta nobis est eligendi optio cumque nihil impedit quo minus id quod maxime placeat. Nisi ut aliquid ex ea commodi consequatur? Quis autem vel eum iure reprehenderit qui in ea voluptate velit esse quam. Accusantium doloremque laudantium, totam rem aperiam, eaque ipsa quae ab illo. Architecto beatae vitae dicta sunt explicabo. Non numquam eius modi tempora incidunt ut labore et dolore magnam aliquam quaerat voluptatem.</p>
<p>Non numquam eius modi tempora incidunt ut labore et dolore magnam aliquam quaerat voluptatem. Accusantium doloremque laudantium, totam rem aperiam, eaque ipsa quae ab illo. Fugiat quo voluptas nulla pariatur?</p>
<p>Leave that to me. Send a distress signal, and inform the Senate that all on board were killed. I need your help, Luke. She needs your help. I&#8217;m getting too old for this sort of thing. I need your help, Luke. She needs your help. I&#8217;m getting too old for this sort of thing. Look, I ain&#8217;t in this for your revolution, and I&#8217;m not in it for you, Princess. I expect to be well paid. I&#8217;m in it for the money.</p>
<p>Don&#8217;t act so surprised, Your Highness. You weren&#8217;t on any mercy mission this time. Several transmissions were beamed to this ship by Rebel spies. I want to know what happened to the plans they sent you. All right. Well, take care of yourself, Han. I guess that&#8217;s what you&#8217;re best at, ain&#8217;t it? I don&#8217;t know what you&#8217;re talking about. I am a member of the Imperial Senate on a diplomatic mission to Alderaan</p>
<p>Ut enim ad minim veniam, quis nostrud exercitation ullamco. Animi, id est laborum et dolorum fuga. Fugiat quo voluptas nulla pariatur? Sed ut perspiciatis unde omnis iste natus error sit voluptatem. Nisi ut aliquid ex ea commodi consequatur? Quis autem vel eum iure reprehenderit qui in ea voluptate velit esse quam.</p>
]]></content:encoded>
					
					<wfw:commentRss>/et-iusto-odio-dignissimos-ducimus-qui-blanditiis/feed/</wfw:commentRss>
			<slash:comments>0</slash:comments>
		
		
			</item>
		<item>
		<title>Send a detachment down to retrieve them, and see</title>
		<link>/send-a-detachment-down-to-retrieve-them-and-see/</link>
					<comments>/send-a-detachment-down-to-retrieve-them-and-see/#respond</comments>
		
		<dc:creator><![CDATA[admin]]></dc:creator>
		<pubDate>Mon, 13 Dec 2021 19:28:30 +0000</pubDate>
				<category><![CDATA[Uncategorized]]></category>
		<category><![CDATA[Alderaan]]></category>
		<category><![CDATA[Force]]></category>
		<category><![CDATA[Luke]]></category>
		<category><![CDATA[Obi-Wan]]></category>
		<category><![CDATA[Rebel]]></category>
		<category><![CDATA[Senate]]></category>
		<category><![CDATA[Star Wars]]></category>
		<guid isPermaLink="false">/send-a-detachment-down-to-retrieve-them-and-see/</guid>

					<description><![CDATA[Itaque earum rerum hic tenetur a sapiente delectus. Itaque earum rerum hic tenetur a sapiente delectus. Animi, id est laborum et dolorum fuga. Excepteur sint occaecat cupidatat non proident, sunt in culpa. Fugiat quo voluptas nulla pariatur? Architecto beatae vitae dicta sunt explicabo.]]></description>
										<content:encoded><![CDATA[<p>Itaque earum rerum hic tenetur a sapiente delectus. Itaque earum rerum hic tenetur a sapiente delectus. Animi, id est laborum et dolorum fuga. Excepteur sint occaecat cupidatat non proident, sunt in culpa. Fugiat quo voluptas nulla pariatur? Architecto beatae vitae dicta sunt explicabo.</p>
]]></content:encoded>
					
					<wfw:commentRss>/send-a-detachment-down-to-retrieve-them-and-see/feed/</wfw:commentRss>
			<slash:comments>0</slash:comments>
		
		
			</item>
		<item>
		<title>I&#8217;m getting too old for this sort of</title>
		<link>/im-getting-too-old-for-this-sort-of/</link>
					<comments>/im-getting-too-old-for-this-sort-of/#respond</comments>
		
		<dc:creator><![CDATA[admin]]></dc:creator>
		<pubDate>Fri, 10 Dec 2021 19:28:30 +0000</pubDate>
				<category><![CDATA[Uncategorized]]></category>
		<category><![CDATA[Force]]></category>
		<category><![CDATA[Obi-Wan]]></category>
		<category><![CDATA[Rebel]]></category>
		<category><![CDATA[Senate]]></category>
		<category><![CDATA[Star Wars]]></category>
		<guid isPermaLink="false">/im-getting-too-old-for-this-sort-of/</guid>

					<description><![CDATA[I have traced the Rebel spies to her. Now she is my only link to finding their secret base. She must have hidden the plans in the escape pod. Send a detachment down to retrieve them, and see to it personally, Commander. There&#8217;ll be no one to stop us this time! I need your help, ... <a title="I&#8217;m getting too old for this sort of" class="read-more" href="/im-getting-too-old-for-this-sort-of/" aria-label="More on I&#8217;m getting too old for this sort of">Read more</a>]]></description>
										<content:encoded><![CDATA[<p>I have traced the Rebel spies to her. Now she is my only link to finding their secret base. She must have hidden the plans in the escape pod. Send a detachment down to retrieve them, and see to it personally, Commander. There&#8217;ll be no one to stop us this time! I need your help, Luke. She needs your help. I&#8217;m getting too old for this sort of thing. Obi-Wan is here. The Force is with him. No! Alderaan is peaceful. We have no weapons. You can&#8217;t possibly&#8230;</p>
<p>The plans you refer to will soon be back in our hands. I have traced the Rebel spies to her. Now she is my only link to finding their secret base. A tremor in the Force. The last time I felt it was in the presence of my old master. The plans you refer to will soon be back in our hands. You&#8217;re all clear, kid. Let&#8217;s blow this thing and go home!</p>
<p>Architecto beatae vitae dicta sunt explicabo. Cupiditate non provident, similique sunt in culpa qui officia deserunt mollitia. Neque porro quisquam est, qui dolorem ipsum quia dolor sit amet, consectetur, adipisci velit. Nam libero tempore, cum soluta nobis est eligendi optio cumque nihil impedit quo minus id quod maxime placeat. Corrupti quos dolores et quas molestias excepturi sint occaecati.</p>
<p>Itaque earum rerum hic tenetur a sapiente delectus. Cupiditate non provident, similique sunt in culpa qui officia deserunt mollitia. Accusantium doloremque laudantium, totam rem aperiam, eaque ipsa quae ab illo.</p>
]]></content:encoded>
					
					<wfw:commentRss>/im-getting-too-old-for-this-sort-of/feed/</wfw:commentRss>
			<slash:comments>0</slash:comments>
		
		
			</item>
		<item>
		<title>Esse cillum dolore eu</title>
		<link>/esse-cillum-dolore-eu/</link>
					<comments>/esse-cillum-dolore-eu/#respond</comments>
		
		<dc:creator><![CDATA[admin]]></dc:creator>
		<pubDate>Fri, 10 Dec 2021 19:28:30 +0000</pubDate>
				<category><![CDATA[Uncategorized]]></category>
		<category><![CDATA[Alderaan]]></category>
		<category><![CDATA[Obi-Wan]]></category>
		<category><![CDATA[Rebel]]></category>
		<category><![CDATA[Senate]]></category>
		<category><![CDATA[Star Wars]]></category>
		<guid isPermaLink="false">/esse-cillum-dolore-eu/</guid>

					<description><![CDATA[Itaque earum rerum hic tenetur a sapiente delectus. Et iusto odio dignissimos ducimus qui blanditiis praesentium voluptatum deleniti atque. Esse cillum dolore eu fugiat nulla pariatur. I have traced the Rebel spies to her. Now she is my only link to finding their secret base. She must have hidden the plans in the escape pod. ... <a title="Esse cillum dolore eu" class="read-more" href="/esse-cillum-dolore-eu/" aria-label="More on Esse cillum dolore eu">Read more</a>]]></description>
										<content:encoded><![CDATA[<p>Itaque earum rerum hic tenetur a sapiente delectus. Et iusto odio dignissimos ducimus qui blanditiis praesentium voluptatum deleniti atque. Esse cillum dolore eu fugiat nulla pariatur.</p>
<p>I have traced the Rebel spies to her. Now she is my only link to finding their secret base. She must have hidden the plans in the escape pod. Send a detachment down to retrieve them, and see to it personally, Commander. There&#8217;ll be no one to stop us this time! I need your help, Luke. She needs your help. I&#8217;m getting too old for this sort of thing. Obi-Wan is here. The Force is with him. No! Alderaan is peaceful. We have no weapons. You can&#8217;t possibly&#8230;</p>
<p>I have traced the Rebel spies to her. Now she is my only link to finding their secret base. Oh God, my uncle. How am I ever gonna explain this? You mean it controls your actions? I find your lack of faith disturbing.</p>
]]></content:encoded>
					
					<wfw:commentRss>/esse-cillum-dolore-eu/feed/</wfw:commentRss>
			<slash:comments>0</slash:comments>
		
		
			</item>
		<item>
		<title>I am a member of the Imperial Senate</title>
		<link>/i-am-a-member-of-the-imperial-senate/</link>
					<comments>/i-am-a-member-of-the-imperial-senate/#respond</comments>
		
		<dc:creator><![CDATA[admin]]></dc:creator>
		<pubDate>Thu, 09 Dec 2021 19:28:30 +0000</pubDate>
				<category><![CDATA[Uncategorized]]></category>
		<category><![CDATA[Force]]></category>
		<category><![CDATA[Obi-Wan]]></category>
		<category><![CDATA[Senate]]></category>
		<category><![CDATA[Star Wars]]></category>
		<guid isPermaLink="false">/i-am-a-member-of-the-imperial-senate/</guid>

					<description><![CDATA[I don&#8217;t know what you&#8217;re talking about. I am a member of the Imperial Senate on a diplomatic mission to Alderaan What?! Hey, Luke! May the Force be with you. At vero eos et accusamus. At vero eos et accusamus. Itaque earum rerum hic tenetur a sapiente delectus. Ut enim ad minima veniam, quis nostrum ... <a title="I am a member of the Imperial Senate" class="read-more" href="/i-am-a-member-of-the-imperial-senate/" aria-label="More on I am a member of the Imperial Senate">Read more</a>]]></description>
										<content:encoded><![CDATA[<p>I don&#8217;t know what you&#8217;re talking about. I am a member of the Imperial Senate on a diplomatic mission to Alderaan What?! Hey, Luke! May the Force be with you.</p>
<p>At vero eos et accusamus. At vero eos et accusamus. Itaque earum rerum hic tenetur a sapiente delectus. Ut enim ad minima veniam, quis nostrum exercitationem ullam corporis suscipit laboriosam.</p>
<p>Nihil molestiae consequatur, vel illum qui dolorem eum. Nisi ut aliquid ex ea commodi consequatur? Quis autem vel eum iure reprehenderit qui in ea voluptate velit esse quam. Cupiditate non provident, similique sunt in culpa qui officia deserunt mollitia. Ut aut reiciendis voluptatibus maiores alias consequatur aut perferendis doloribus asperiores repellat. Ut enim ad minim veniam, quis nostrud exercitation ullamco. Duis aute irure dolor in reprehenderit in voluptate velit.</p>
<p>Red Five standing by. The plans you refer to will soon be back in our hands. Red Five standing by. I&#8217;m surprised you had the courage to take the responsibility yourself. She must have hidden the plans in the escape pod. Send a detachment down to retrieve them, and see to it personally, Commander. There&#8217;ll be no one to stop us this time! No! Alderaan is peaceful. We have no weapons. You can&#8217;t possibly</p>
<p>Itaque earum rerum hic tenetur a sapiente delectus. Et iusto odio dignissimos ducimus qui blanditiis praesentium voluptatum deleniti atque. Esse cillum dolore eu fugiat nulla pariatur.</p>
]]></content:encoded>
					
					<wfw:commentRss>/i-am-a-member-of-the-imperial-senate/feed/</wfw:commentRss>
			<slash:comments>0</slash:comments>
		
		
			</item>
		<item>
		<title>She must have hidden</title>
		<link>/she-must-have-hidden/</link>
					<comments>/she-must-have-hidden/#respond</comments>
		
		<dc:creator><![CDATA[admin]]></dc:creator>
		<pubDate>Thu, 09 Dec 2021 19:28:30 +0000</pubDate>
				<category><![CDATA[Uncategorized]]></category>
		<category><![CDATA[Alderaan]]></category>
		<category><![CDATA[Jedi]]></category>
		<category><![CDATA[Obi-Wan]]></category>
		<category><![CDATA[Rebel]]></category>
		<category><![CDATA[Senate]]></category>
		<category><![CDATA[Star Wars]]></category>
		<guid isPermaLink="false">/she-must-have-hidden/</guid>

					<description><![CDATA[Oh God, my uncle. How am I ever gonna explain this? I don&#8217;t know what you&#8217;re talking about. I am a member of the Imperial Senate on a diplomatic mission to Alderaan No! Alderaan is peaceful. We have no weapons. You can&#8217;t possibly&#8230; The plans you refer to will soon be back in our hands. ... <a title="She must have hidden" class="read-more" href="/she-must-have-hidden/" aria-label="More on She must have hidden">Read more</a>]]></description>
										<content:encoded><![CDATA[<p>Oh God, my uncle. How am I ever gonna explain this? I don&#8217;t know what you&#8217;re talking about. I am a member of the Imperial Senate on a diplomatic mission to Alderaan No! Alderaan is peaceful. We have no weapons. You can&#8217;t possibly&#8230;</p>
<p>The plans you refer to will soon be back in our hands. I have traced the Rebel spies to her. Now she is my only link to finding their secret base. A tremor in the Force. The last time I felt it was in the presence of my old master. The plans you refer to will soon be back in our hands. You&#8217;re all clear, kid. Let&#8217;s blow this thing and go home!</p>
<p>I don&#8217;t know what you&#8217;re talking about. I am a member of the Imperial Senate on a diplomatic mission to Alderaan What?! Hey, Luke! May the Force be with you.</p>
]]></content:encoded>
					
					<wfw:commentRss>/she-must-have-hidden/feed/</wfw:commentRss>
			<slash:comments>0</slash:comments>
		
		
			</item>
	</channel>
</rss>
