<?xml version="1.0" encoding="UTF-8"?><rss version="2.0"
	xmlns:content="http://purl.org/rss/1.0/modules/content/"
	xmlns:dc="http://purl.org/dc/elements/1.1/"
	xmlns:atom="http://www.w3.org/2005/Atom"
	xmlns:sy="http://purl.org/rss/1.0/modules/syndication/"
	
	>
<channel>
	<title>
	Comments on: Send a distress signal, and inform the Senate	</title>
	<atom:link href="/send-a-distress-signal-and-inform-the-senate/feed/" rel="self" type="application/rss+xml" />
	<link>/send-a-distress-signal-and-inform-the-senate/</link>
	<description>Just another WordPress site</description>
	<lastBuildDate>Tue, 16 Nov 2021 19:28:30 +0000</lastBuildDate>
	<sy:updatePeriod>
	hourly	</sy:updatePeriod>
	<sy:updateFrequency>
	1	</sy:updateFrequency>
	<generator>https://wordpress.org/?v=6.0.1</generator>
</channel>
</rss>
